connect to mydatabase^
INSERT INTO UNIVERSITY.CLASS VALUES( '10000', 'CS46A', 'Intro to Prog' )^
INSERT INTO UNIVERSITY.CLASS VALUES( '10001', 'CS46B', 'Intro to Data Str' )^
INSERT INTO UNIVERSITY.CLASS VALUES( '10002', 'CS47', 'Intro to Comp Sys' )^
INSERT INTO UNIVERSITY.CLASS VALUES( '20000', 'CS146', 'Data Str & Algorithm' )^
INSERT INTO UNIVERSITY.CLASS VALUES( '20001', 'CS157A', 'Intro to DBMS' )^
INSERT INTO UNIVERSITY.CLASS VALUES( '30000', 'MATH46', 'Discrete Math' )^
INSERT INTO UNIVERSITY.CLASSREQ VALUES( '10001', '10000', 'F' )^
INSERT INTO UNIVERSITY.CLASSREQ VALUES( '10001', '30000', 'T' )^
INSERT INTO UNIVERSITY.CLASSREQ VALUES( '10002', '10001', 'F' )^
INSERT INTO UNIVERSITY.CLASSREQ VALUES( '20000', '10001', 'F' )^
INSERT INTO UNIVERSITY.CLASSREQ VALUES( '20001', '20000', 'F' )^
INSERT INTO UNIVERSITY.STUDENT VALUES( '00000', 'Vlad', 'Litvak' )^
INSERT INTO UNIVERSITY.STUDENT VALUES( '12345', 'John', 'Doe' )^
INSERT INTO UNIVERSITY.STUDENT VALUES( '11235', 'Jane', 'Doe' )^

--VLAD LITVAK

INSERT INTO UNIVERSITY.SCHEDULE VALUES('00000', '10000', 'F', 2017)^

--should not work: missing coreq
INSERT INTO UNIVERSITY.SCHEDULE VALUES('00000', '10001', 'S', 2018)^

INSERT INTO UNIVERSITY.SCHEDULE VALUES('00000', '30000', 'M', 2018)^

--should not work: before coreq
INSERT INTO UNIVERSITY.SCHEDULE VALUES('00000', '10001', 'S', 2018)^

INSERT INTO UNIVERSITY.SCHEDULE VALUES('00000', '10001', 'M', 2018)^

--should not work: before prereq
INSERT INTO UNIVERSITY.SCHEDULE VALUES('00000', '10002', 'S', 2012)^

--should not work: concurrent with prereq
INSERT INTO UNIVERSITY.SCHEDULE VALUES('00000', '10002', 'M', 2018)^

--should not work: missing prereq
INSERT INTO UNIVERSITY.SCHEDULE VALUES('00000', '20001', 'S', 2019)^

INSERT INTO UNIVERSITY.SCHEDULE VALUES('00000', '20000', 'M', 2019)^

--should not work: before prereq
INSERT INTO UNIVERSITY.SCHEDULE VALUES('00000', '20001', 'S', 2019)^

INSERT INTO UNIVERSITY.SCHEDULE VALUES('00000', '20001', 'F', 2019)^

--JOHN DOE

--should not work: missing prereq
INSERT INTO UNIVERSITY.SCHEDULE VALUES('12345', '20001', 'F', 2017)^

--should not work: missing prereq
INSERT INTO UNIVERSITY.SCHEDULE VALUES('12345', '20000', 'F', 2017)^

--should not work: missing prereq
INSERT INTO UNIVERSITY.SCHEDULE VALUES('12345', '10002', 'F', 2017)^

--should not work: missing prereq and coreq
INSERT INTO UNIVERSITY.SCHEDULE VALUES('12345', '10001', 'F', 2017)^

--JANE DOE

INSERT INTO UNIVERSITY.SCHEDULE VALUES('11235', '10000', 'S', 2010)^
INSERT INTO UNIVERSITY.SCHEDULE VALUES('11235', '30000', 'S', 2010)^
INSERT INTO UNIVERSITY.SCHEDULE VALUES('11235', '10001', 'F', 2010)^
INSERT INTO UNIVERSITY.SCHEDULE VALUES('11235', '10002', 'S', 2011)^
INSERT INTO UNIVERSITY.SCHEDULE VALUES('11235', '20000', 'S', 2011)^
INSERT INTO UNIVERSITY.SCHEDULE VALUES('11235', '20001', 'M', 2011)^

--TABLE STATS CHECK

--should return 11
SELECT COUNT(*) FROM UNIVERSITY.SCHEDULE^
--should return 5
SELECT COUNT(*) FROM UNIVERSITY.SCHEDULE WHERE StudentId = '00000'^
--should return 0
SELECT COUNT(*) FROM UNIVERSITY.SCHEDULE WHERE StudentId = '12345'^
--should return 6
SELECT COUNT(*) FROM UNIVERSITY.SCHEDULE WHERE StudentId = '11235'^

terminate^